Student_ID,Attendance,Internal_Marks,Final_Marks,Total_Marks,CGPA,Study_Hours,Mode
1,58.52,32.27,42.32,74.58,7.458,4.982382671,Offline
2,48.03,27.87,25.62,53.5,5.35,1.04,Online
3,65.52595556,17.07,19.56,36.64,3.664,2.05,Offline
4,82.3,24.74,24.4,49.14,4.914,1.91,Offline
5,31.39,17.51,24.11,41.62,4.162,1.994330357,Online
6,82.62,18.55,21.17,39.72,3.972,2.37,Offline
7,57.28,31,37.59,68.59,6.859,5.99,Online
8,99.24,31,29.3,60.3,6.03,2,Online
9,35.88,13.41,15.68,29.09,2.909,1.65,Offline
10,82.02,27.07,26.51,53.58,5.358,1.28,Online
11,35.96,14.82,15.08,29.9,2.99,2.63,Online
12,83.96,34.66,36.5,71.16,7.116,5.59,Offline
13,39.76,44.62,42.3,86.91,8.691,5.91,Offline
15,77.7,16.83,20.38,37.2,3.72,2.27,Offline
17,95.2,28.19,27.6,55.79,5.579,2.74,Offline
18,54.22,32.71,43.96,76.67,7.667,4.95,Offline
19,55.82,13.1,15.1,28.2,2.82,2.02,Online
20,66.11442269,19.48,19.85,39.32,3.932,2.04,Offline
21,37.55,18.28,22.46,40.74,4.074,1.6,Offline
22,66.11442269,18.58,23.34,41.92,4.192,2.82,Offline
23,37.26,19.94,25.08,45.02,4.502,2.52,Offline
24,49.01,23.82,23.04,46.86,4.686,1.18,Offline
25,89.77,39.64,43.81,83.45,8.345,3.05,Online
26,50.73,15.7,20.81,36.51,3.651,2.87,Online
27,56.32,38.59,37.58,76.17,7.617,5.98,Online
28,77.33,29.33,30.77,60.09,6.009,2.8,Online
29,56.91,27.08,28.31,55.39,5.539,2.56,Offline
30,66.11442269,19.41,20.11,39.52,3.952,1.2,Offline
31,92.3,27.4,27.82,55.23,5.523,1.45,Offline
32,49.49,25.72,27.74,53.46,5.346,2.32,Offline
33,37.32,47.27,44.73,92,9.2,5.18,Offline
34,89.42,25.62,25.91,51.53,5.153,1.39,Online
35,79.43,50,47.23,97.23,9.723,5.86,Offline
36,42.85,30.72,29.5,60.22,6.022,2.93,Online
37,66.11442269,39.43,36.69,76.12,7.612,4.982382671,Offline
38,48.45,27.08,29.85,56.94,5.694,1.28,Offline
39,92.56,40.62,39.67,80.29,8.029,3.88,Online
40,87.78,39.86,41.52,81.38,8.138,5.39,Offline
41,40.14,19.22,20.63,39.85,3.985,1.19,Online
42,38.6,29.25,40.91,70.16,7.016,4.09,Offline
43,45.67,25.2,26.55,51.75,5.175,1.43,Online
44,46.22,26.78,24.56,51.34,5.134,2.45,Offline
46,85.22,29.81,37.25,67.06,6.706,3.47,Offline
47,38.4,27.03,29.32,56.35,5.635,2.48,Online
48,40.68,19.68,26.37,46.05,4.605,1.03,Offline
49,92.59,23.03,25.69,48.73,4.873,1.2,Offline
51,96.41,20.32,27.9,48.23,4.823,1.33,Offline
52,58.21,22.63,23.63,46.26,4.626,1.78,Offline
53,84.65,36.97,47.5,84.46,8.446,5.72,Offline
54,77.36,23.33,28.2,51.53,5.153,1.14,Online
55,82.05,20.38,21.42,41.8,4.18,2.39,Online
56,82.05,38.15,37.31,75.46,7.546,5.25,Online
57,94.41,25.13,24.09,49.22,4.922,2.86,Online
59,75.27,38.71,46.77,85.48,8.548,3.27,Offline
60,48.96,32.83,39.48,72.31,7.231,4.88,Offline
61,53.69,25.97,35.91,61.88,6.188,5.48,Offline
62,40.53,36.34,36.17,72.51,7.251,4.43,Online
63,51.03,35.1,35.73,70.83,7.083,6.47,Offline
64,41.23,41.76,38.71,80.47,8.047,6.44,Offline
65,77.09,25.5,29.33,54.83,5.483,2.12,Offline
66,30.34,29.67,39.69,69.35,6.935,4.17,Online
67,89.58,38.69,47.51,86.19,8.619,4.12,Online
68,66.11442269,33.42,31.64,65.06,6.506,1.09,Offline
69,88.85,45.3,47.6,92.91,9.291,4.57,Offline
70,65.52595556,37.95,46.72,84.67,8.467,3.14,Offline
71,48.6,16.97,19.16,36.13,3.613,1.38,Offline
72,59.23,27.24,29.79,57.04,5.704,2.4,Online
73,34.88,30.95,28.66,59.62,5.962,2.65,Offline
74,98.32,21.6,30.39,51.99,5.199,1.09,Offline
76,85.37,24.35,23.28,47.63,4.763,1.11,Online
77,88.89,30.39,29.23,59.62,5.962,2.89,Online
78,98.85,26.42,27.27,53.69,5.369,1.46,Online
79,50.15,20.71,22.8,43.51,4.351,2.54,Online
80,96.92,28.64,40.25,68.88,6.888,4.982382671,Offline
81,80.32,18.18,21.64,39.82,3.982,1.03,Online
82,57.12,39,38.48,77.48,7.748,5.54,Online
84,87.32,19.06,23.95,43.01,4.301,2.27,Offline
85,34.56,28.12,36.39,64.51,6.451,5.92,Offline
86,50.03,26.31,36.72,63.03,6.303,4.58,Online
87,77.22,28.62,36.57,65.18,6.518,4.38,Offline
88,75.98,33.26,45.39,78.65,7.865,4.88,Online
89,81.92,35.19,45.48,80.67,8.067,5.24,Online
90,66.11442269,24.4,24.43,48.83,4.883,1.93,Offline
91,56.86,29.8,40.12,69.92,6.992,5.6,Online
92,38.08,32.14,38.77,70.91,7.091,4.06,Offline
93,56.72,24.28,23.9,48.18,4.818,2.36,Online
95,89.27,22.87,24.27,47.15,4.715,2.97,Offline
96,81.15,17.85,21.93,39.78,3.978,1.37,Offline
97,45.74,29.13,39.1,68.23,6.823,6.95,Online
98,54.51,18.25,18.87,37.12,3.712,1.34,Online
100,77.87,40.04,42.94,82.98,8.298,3.87,Offline
101,31.55,27.83,38.37,66.19,6.619,4.4,Online
102,81.37,26.44,28.18,54.62,5.462,2.52,Offline
104,31.99,27.08,26.12,53.19,5.319,2.15,Online
105,79.09,21.23,21.97,43.2,4.32,2.63,Offline
106,84.81,38.81,45.62,84.42,8.442,4.32,Offline
107,45.08,31.86,37.32,69.18,6.918,6.7,Online
108,33.51,37.03,44.4,81.42,8.142,5.88,Online
109,88.34,35.46,46.62,82.08,8.208,5.37,Online
110,31.01,42.76,40.7,83.46,8.346,6.29,Online
111,55.39,36.96,36.27,73.24,7.324,5.19,Online
112,51.6,22.58,24.62,47.19,4.719,2.39,Online
113,57.25,36.13,40.83,76.96,7.696,5.2,Offline
114,65.52595556,45.05,42.95,88,8.8,3.05,Offline
115,57.67,23.83,25.61,49.44,4.944,1.31,Online
116,66.11442269,35.06,47.03,82.09,8.209,4.35,Offline
117,98.02,28.51,30.44,58.94,5.894,2.04,Online
118,65.52595556,30.13,35.06,65.19,6.519,4,Offline
119,83.67,22.79,28.85,51.64,5.164,1.9,Online
120,44.95,17.98,21.28,39.27,3.927,2.83,Online
121,49.91,13.42,17.67,31.09,3.109,2.92,Offline
122,87.55,42.74,42.74,85.48,8.548,3.2,Offline
123,35.72,14.4,15.55,29.94,2.994,1.94,Offline
124,45.73,36.41,39.41,75.81,7.581,5.2,Offline
125,98.65,38.16,39.85,78.02,7.802,3.81,Online
126,51.48,19.63,24.88,44.51,4.451,1.05,Offline
127,66.11442269,43.63,45.4,89.03,8.903,3.54,Offline
128,51.67,23.91,27.84,51.74,5.174,2.66,Offline
129,56.89,27.51,35.13,62.64,6.264,4.26,Online
131,38.04,37.98,41.24,79.22,7.922,5.23,Online
132,52.91,15.31,17.1,32.41,3.241,2.74,Offline
133,75.56,36.7,38.49,75.19,7.519,4.62,Offline
134,59.53,32.56,40.26,72.82,7.282,4.52,Offline
135,89.41,37.04,38.56,75.6,7.56,4.66,Offline
136,78.42,28.92,30.8,59.72,5.972,2.75,Offline
137,57.43,35.57,39.18,74.75,7.475,5.15,Offline
138,32.48,35.11,41.03,76.14,7.614,4.74,Online
139,82.43,40.9,42.36,83.26,8.326,4.43,Online
140,75.78,27.68,38.41,66.09,6.609,4.982382671,Offline
141,94.27,21.09,21.28,42.37,4.237,1.15,Online
142,81.16,29.17,29.83,59,5.9,2.6,Online
143,32.75,47.71,44.17,91.88,9.188,4.41,Online
144,96.82,27.74,28.79,56.52,5.652,2.61,Offline
145,87.24,40.82,37.88,78.69,7.869,5.96,Offline
146,35.42,29.03,40.68,69.71,6.971,6.75,Online
147,59.13,30.47,29.16,59.64,5.964,1.95,Offline
148,75.93,20.31,27.16,47.47,4.747,1.46,Online
149,51.74,14.63,15.98,30.62,3.062,1.63,Offline
151,66.70537281,48.79,44.39,93.18,9.318,6.4,Online
153,65.52595556,31.47,37.39,68.86,6.886,4.33,Offline
154,76.05,17.61,20.21,37.82,3.782,2.98,Online
155,58.5,23.23,26.8,50.03,5.003,1.18,Online
157,87.82,29.95,38,67.95,6.795,3.53,Online
158,76.45,33.88,31.63,65.51,6.551,4.982382671,Online
159,93.96,29.1,28.35,57.45,5.745,1.31,Online
160,47.79,42.88,40.8,83.68,8.368,4.27,Online
161,98.89,44.46,46.21,90.66,9.066,5.43,Online
162,41.18,16.98,18.9,35.87,3.587,1.994330357,Offline
163,76.9,41.1,46.07,87.17,8.717,4.49,Offline
164,50.34,24.69,23.49,48.18,4.818,1.53,Offline
165,96.68,43.28,44.21,87.49,8.749,5.51,Online
166,78.97,21.76,30.57,52.33,5.233,2.74,Offline
167,52.31,37.81,36.61,74.42,7.442,6.45,Online
168,48.51,23.89,29.72,53.61,5.361,2.26,Online
169,65.52595556,46.24,42.61,88.85,8.885,5.62,Offline
170,77.56,22.72,31.25,53.97,5.397,2.38,Online
171,89.55,17.35,24.15,41.5,4.15,2.24,Online
172,93.74,26.04,36.69,62.74,6.274,5.27,Offline
173,53.11,33.86,41.83,75.69,7.569,5.34,Offline
174,79.09,35.74,45.33,81.07,8.107,5.08,Online
175,81.83,27.42,31.41,58.83,5.883,2,Online
176,41.93,32.6,37.74,70.34,7.034,6.95,Offline
177,75.78,45.46,43.47,88.93,8.893,4.11,Online
178,96.72,30.43,29.32,59.75,5.975,2.54,Online
179,30.98,29.35,28.81,58.16,5.816,2.23,Offline
180,92.14,36.4,40.59,76.99,7.699,3.6,Offline
181,94.94,27.51,39.03,66.54,6.654,4.37,Offline
182,90,24.54,23.5,48.04,4.804,2.39,Online
183,66.70537281,17.34,22.9,40.24,4.024,2.97,Online
184,46.79,13.74,15.15,28.89,2.889,1.65,Online
185,76.96,37.23,40.16,77.39,7.739,3.4,Online
186,79.19,20.88,21.25,42.14,4.214,2.27,Offline
187,46.24,41.49,42.09,83.58,8.358,6.61,Online
188,66.70537281,45.13,43.95,89.08,8.908,5.64,Online
189,93.29,28.81,36.06,64.87,6.487,3.18,Offline
190,99.4,24.42,24.04,48.47,4.847,1.36,Online
191,92.98,24.79,22.74,47.53,4.753,2.99,Offline
192,32.17,31.25,35.31,66.55,6.655,4.77,Online
193,85.64,43.25,39.5,82.75,8.275,4.11,Offline
194,43.16,27.16,25.88,53.04,5.304,1.97,Online
195,89.81,29.38,30.95,60.32,6.032,1.42,Online
197,87.31,33.56,38.21,71.77,7.177,5.61,Offline
198,79.09,19.83,24.69,44.53,4.453,2.94,Online
199,33.93,23.47,29.55,53.02,5.302,1.91,Offline
200,83.43,23.94,29.95,53.89,5.389,1.86,Online
201,35.03,15.01,15.55,30.56,3.056,2.47,Offline
202,47.56,20.87,28.02,48.9,4.89,1.41,Offline
203,58.1,31.18,35.39,66.57,6.657,4.37,Online
204,76.04,40.11,36.93,77.04,7.704,5.96,Online
205,96.7,22.8,25.46,48.25,4.825,2.03,Online
206,39.24,24.79,25.57,50.36,5.036,1.4,Offline
207,43.31,27.38,28.02,55.4,5.54,1.35,Online
208,87.43,25.45,27.41,52.86,5.286,2.74,Offline
209,91.91,19.37,22.59,41.96,4.196,1.994330357,Offline
210,59.98,13.57,15.72,29.29,2.929,2.95,Offline
211,93.46,38.57,46.42,84.99,8.499,4.21,Online
212,94.95,18.87,25.23,44.1,4.41,2.64,Online
213,40.99,33.33,38.96,72.29,7.229,6.09,Online
214,80.68,34.78,35.95,70.73,7.073,4.982382671,Online
215,55.9,28.55,40.19,68.74,6.874,5.44,Online
216,89.5,26.56,26.4,52.96,5.296,2.22,Offline
217,30.55,35.44,36.96,72.4,7.24,4.02,Online
218,31.81,32.84,44.34,77.18,7.718,4.982382671,Online
220,85.34,35.58,36.58,72.16,7.216,3.54,Online
221,33.21,44.14,40.67,84.81,8.481,4.77,Online
223,80.3,44.49,42.94,87.43,8.743,4.23,Offline
224,94.51,20.26,23.3,43.55,4.355,2.65,Online
225,43.55,23.67,23.8,47.47,4.747,1.34,Offline
226,75.59,39.82,43.35,83.17,8.317,4.82,Offline
227,87.42,46.79,47.84,94.63,9.463,3.41,Online
228,50.77,33.31,44.91,78.22,7.822,4.39,Online
229,32.38,27.85,35.86,63.71,6.371,6.68,Online
230,76.74,42.59,41.75,84.34,8.434,3.2,Online
231,91.27,21.99,26.4,48.39,4.839,1.65,Offline
232,88.94,20.83,28.77,49.6,4.96,1.93,Offline
233,92.25,27.78,37.61,65.4,6.54,4.61,Online
234,91.62,35.99,45.34,81.33,8.133,5.78,Offline
235,98.18,38.17,42.02,80.19,8.019,5.53,Offline
236,33.83,42.55,43.26,85.81,8.581,6.35,Offline
237,84,19.4,21.05,40.45,4.045,2.87,Online
238,48.02,36.09,40.16,76.25,7.625,4.982382671,Offline
239,98.26,18.24,21.4,39.63,3.963,2.63,Offline
240,94.75,20.37,23.66,44.03,4.403,1.16,Online
241,99.39,20.85,27.69,48.54,4.854,2.64,Offline
242,90.16,26.29,29.18,55.47,5.547,1.35,Online
243,76.7,38.34,35.34,73.68,7.368,3.41,Offline
244,39.35,16.77,22.59,39.36,3.936,1.88,Offline
245,91.26,22.09,21.82,43.92,4.392,1.12,Offline
246,31.73,33.38,41.95,75.33,7.533,6.95,Offline
247,77.53,25.58,28.31,53.89,5.389,1.12,Offline
248,65.52595556,35.9,41.23,77.13,7.713,5.58,Offline
249,79.87,25.17,24.41,49.58,4.958,1.83,Offline
250,85.4,20.72,25.78,46.5,4.65,1.04,Online
251,36.46,38.29,35.12,73.42,7.342,4.72,Online
252,33.29,24.1,23.22,47.32,4.732,2,Online
253,39.74,22.16,26.06,48.22,4.822,1.95,Offline
254,97.3,39.18,47.42,86.6,8.66,5.36,Offline
255,96.02,31.4,35.5,66.9,6.69,5.71,Online
256,49.1,37.33,41.14,78.47,7.847,4.2,Offline
257,92.01,35.06,35.54,70.6,7.06,3.25,Online
258,58.7,21.34,26.06,47.4,4.74,1.71,Online
259,35.56,35.42,36.74,72.16,7.216,4.3,Online
260,77.05,31.86,31.61,63.47,6.347,1.59,Online
261,78.03,26.22,27.38,53.6,5.36,2.55,Online
262,94.97,22.12,23.51,45.63,4.563,2.96,Offline
263,49.69,18.13,16.92,35.05,3.505,1.68,Offline
264,43.18,32.75,41.13,73.88,7.388,4.982382671,Offline
265,91.15,24.47,23.43,47.91,4.791,2.63,Online
266,93.88,25.31,25.53,50.83,5.083,2.68,Online
267,66.11442269,32.17,44.85,77.01,7.701,4.982382671,Offline
268,54.53,38.48,37.14,75.62,7.562,4.982382671,Offline
269,87.71,37.92,38.87,76.79,7.679,4.7,Online
270,34.8,17.51,21.92,39.43,3.943,1.02,Online
271,42.04,24.9,27,51.9,5.19,1.41,Online
273,80.06,39.42,47.45,86.88,8.688,4.1,Offline
275,85.32,41.75,44.04,85.79,8.579,3.01,Offline
276,47.65,16.13,22.21,38.34,3.834,2.28,Online
277,48.1,20.32,25.15,45.46,4.546,2.61,Offline
278,76.46,23.6,24.01,47.62,4.762,2.57,Online
279,34.42,14.65,19.92,34.57,3.457,1.87,Online
281,42.3,40.31,43.4,83.7,8.37,5.15,Online
282,83.36,36.5,35.34,71.84,7.184,3.07,Offline
284,66.70537281,30.23,41.28,71.5,7.15,3.4,Online
285,65.52595556,42.44,44.95,87.39,8.739,3.48,Offline
286,66.11442269,13.03,16.03,29.07,2.907,1.11,Offline
287,37.49,16.79,19.08,35.87,3.587,2.52,Offline
288,65.52595556,27.06,35.81,62.88,6.288,5.72,Offline
289,57,38.22,35.22,73.44,7.344,5.99,Offline
290,85.47,25.26,23.12,48.38,4.838,2.46,Offline
291,89.13,24.12,25.57,49.69,4.969,2.94,Online
292,80.63,21.27,23.01,44.29,4.429,2.7,Online
293,93.07,19.09,20.81,39.91,3.991,2.42,Offline
294,79.14,45.76,47.29,93.06,9.306,5.55,Offline
295,88.64,36.62,35.81,72.43,7.243,4.54,Online
296,36.04,31.27,37.59,68.86,6.886,4.49,Online
298,75.68,22.11,20.78,42.89,4.289,1.93,Online
299,91.42,30.17,29.87,60.04,6.004,1.76,Online
300,82.18,28.15,29.51,57.67,5.767,2.16,Offline
301,45.99,17.67,17.37,35.04,3.504,2.39,Offline
302,38.31,35.01,44.84,79.84,7.984,4.42,Online
303,34.56,15.84,21.6,37.45,3.745,2.23,Offline
304,99.18,24.19,25.01,49.21,4.921,2.97,Online
305,85.69,20.28,21.95,42.22,4.222,1.03,Offline
306,76.99,30.02,28.78,58.8,5.88,1.37,Offline
307,39.43,35.09,39.71,74.81,7.481,6.46,Offline
308,40.06,37.85,36.74,74.59,7.459,6.14,Offline
309,40.44,20.9,21.76,42.65,4.265,2.5,Offline
310,86.78,35.82,47.73,83.55,8.355,4.9,Offline
311,32.09,13.94,17.62,31.56,3.156,2.71,Offline
312,50.82,31.5,40.13,71.63,7.163,4.92,Online
313,66.11442269,30.92,30.45,61.38,6.138,2.53,Offline
314,65.52595556,37.16,42.29,79.45,7.945,3.33,Offline
315,41.41,25.77,29.65,55.42,5.542,1.22,Offline
316,82,32.25,30.3,62.55,6.255,1.58,Offline
317,58.88,26.72,25.9,52.62,5.262,1.61,Online
318,92.59,21.1,26.49,47.59,4.759,1.19,Offline
319,89.96,38.76,38.86,77.62,7.762,4.982382671,Offline
320,50.03,18.5,23.9,42.4,4.24,2.78,Offline
321,75.87,44.38,42.58,86.95,8.695,4.80753012,Offline
322,47.97,17.79,16.72,34.52,3.452,1.19,Online
323,47.15,18.82,22.76,41.58,4.158,1.86,Offline
324,97.31,38.83,40.76,79.59,7.959,4.82,Online
325,45.37,14.83,16.56,31.39,3.139,1.77,Online
326,93.59,18.99,26.08,45.07,4.507,2.27,Online
327,31.37,18.62,17.1,35.72,3.572,1.55,Offline
328,48.32,17.42,19.21,36.63,3.663,1.41,Offline
329,75.92,21.74,21.3,43.04,4.304,1.68,Offline
330,57.95,36.9,38.97,75.87,7.587,4.26,Offline
331,56.23,43.81,39.94,83.75,8.375,6.11,Online
332,85.55,39.76,40.34,80.11,8.011,5.72,Offline
333,98.88,43.6,45.68,89.28,8.928,3,Offline
334,48.11,35.73,41.87,77.6,7.76,4.34,Online
336,50.36,27.19,38.62,65.81,6.581,5.78,Online
337,96.84,47.12,44.41,91.53,9.153,3.36,Online
338,30.35,19.08,21.33,40.41,4.041,1.994330357,Offline
339,88.97,37.92,39.46,77.38,7.738,5.19,Offline
340,91.82,23.67,23.3,46.97,4.697,1.61,Offline
341,55.73,36.55,44.17,80.72,8.072,5.29,Online
342,92.64,33.7,43.95,77.65,7.765,4.12,Offline
343,40.38,16.6,17.31,33.91,3.391,1.05,Online
344,42.29,35.91,38.11,74.03,7.403,6.03,Online
345,43.62,22.65,25.32,47.97,4.797,1.28,Offline
346,41.53,30.27,35.39,65.66,6.566,4.09,Online
347,43.76,28.29,37.89,66.18,6.618,6.7,Online
348,48.09,35.28,43.27,78.55,7.855,4.982382671,Offline
349,83.51,38.74,42.04,80.78,8.078,3.46,Offline
350,43.21,29.58,38.02,67.6,6.76,4.78,Online
351,66.70537281,21.78,23.37,45.15,4.515,1.69,Online
353,80.03,22.03,24.74,46.77,4.677,1.08,Online
355,53.83,20.62,19.14,39.76,3.976,2.75,Online
356,44.5,23.76,27.95,51.72,5.172,2.18,Offline
357,41.6,21.1,22.67,43.77,4.377,1.98,Online
358,65.52595556,31.58,29.17,60.75,6.075,2.15,Offline
359,43.17,20.09,27.7,47.79,4.779,2.79,Online
360,90.66,41.9,47.04,88.95,8.895,3.06,Online
361,78.36,24.11,23.59,47.7,4.77,1.72,Offline
362,75.22,49.48,47.97,97.45,9.745,5.03,Offline
363,95.85,44.69,44.63,89.31,8.931,3.43,Offline
364,55.38,36.82,41.14,77.95,7.795,4.27,Online
365,76.65,24.75,24.19,48.94,4.894,1.22,Online
366,88.06,35.01,38.89,73.91,7.391,3.23,Online
367,32.19,16.69,21.04,37.73,3.773,1.59,Offline
368,85.13,27.5,30.87,58.37,5.837,1.64,Offline
369,90.09,29.71,39.65,69.36,6.936,4.94,Online
370,66.11442269,26.76,27.5,54.25,5.425,1.14,Offline
372,38.53,26.23,36.34,62.56,6.256,5.89,Online
373,45.33,34.86,35.47,70.33,7.033,4.83,Online
374,81.17,33.06,44.63,77.69,7.769,3.95,Offline
375,39.4,37.46,42.89,80.35,8.035,6.68,Offline
376,32.68,21.64,25.31,46.94,4.694,1.99,Online
377,79.17,31.02,28.56,59.58,5.958,2.33,Online
378,38.94,34.53,36.05,70.58,7.058,4.982382671,Online
379,66.11442269,16.84,21.49,38.33,3.833,1.92,Offline
381,56.4,35.04,37.16,72.2,7.22,6.03,Offline
382,52.16,32.74,38.16,70.9,7.09,5.93,Offline
383,38.62,15.28,20.52,35.79,3.579,1.12,Online
384,65.52595556,28.26,39.93,68.19,6.819,4.01,Offline
385,66.11442269,29.5,41.9,71.4,7.14,4.79,Offline
386,50.33,19.86,19.68,39.54,3.954,2.55,Offline
387,30.51,31.94,42.7,74.65,7.465,6.42,Offline
388,94.33,35.42,41.73,77.15,7.715,4.04,Online
389,59.23,29.35,27.71,57.06,5.706,1.05,Online
390,41.94,15.46,19.54,35.01,3.501,1.13,Online
391,44.21,38.32,35.58,73.9,7.39,6.87,Offline
392,99.07,16.52,20.91,37.43,3.743,1.73,Online
393,94.53,27.6,26.94,54.54,5.454,1.29,Online
394,37.8,16.47,20.18,36.65,3.665,2.83,Online
395,76.56,35.16,36.91,72.07,7.207,3.02,Offline
396,88.24,22.26,22.9,45.16,4.516,2,Offline
397,86.49,19.06,26.56,45.62,4.562,1.87,Offline
398,31.5,28.13,27.65,55.79,5.579,2.96,Online
399,79.92,30.94,31.42,62.35,6.235,2.99,Online
400,66.11442269,38.84,40.94,79.78,7.978,4.22,Offline
401,57.24,40.37,44.44,84.81,8.481,6.88,Online
402,86.92,42.4,44.34,86.74,8.674,3.74,Offline
403,53.15,15.82,22.48,38.3,3.83,1.02,Offline
404,90.86,23.55,22.66,46.22,4.622,1.64,Online
405,75.73,30.83,41.25,72.08,7.208,4.99,Online
406,59.8,30.09,35.45,65.53,6.553,6.28,Offline
407,58.53,41.38,40.77,82.15,8.215,5.07,Online
408,49.7,39.92,37.4,77.33,7.733,4.57,Offline
409,66.11442269,37.01,35.36,72.37,7.237,4.53,Offline
410,85.92,42.69,42.54,85.23,8.523,4.55,Offline
411,66.11442269,44.46,43.93,88.38,8.838,5.26,Offline
412,47.73,18.54,17.79,36.33,3.633,1.66,Online
413,58.22,23.15,22.6,45.76,4.576,1.82,Offline
414,94.28,29.26,27.86,57.11,5.711,1.3,Online
415,31.13,25.4,36.28,61.67,6.167,6.3,Online
416,99.33,31.17,37.94,69.11,6.911,4.982382671,Online
417,59.01,37.12,37.24,74.37,7.437,5.99,Offline
419,99.62,27.2,29.05,56.25,5.625,1.79,Offline
420,66.11442269,34.23,36.67,70.91,7.091,6.34,Offline
421,90.04,39,38.86,77.85,7.785,5.14,Online
422,84.23,46.13,47.13,93.26,9.326,5.48,Online
423,92.36,36.01,44.48,80.49,8.049,5.59,Online
424,83.39,46.79,47.72,94.51,9.451,5.57,Offline
425,65.52595556,39.37,38.81,78.17,7.817,4.49,Offline
426,55.17,38.21,35.11,73.32,7.332,6.11,Online
427,66.11442269,29.16,40.46,69.63,6.963,6.9,Offline
428,79.48,25.42,29.6,55.02,5.502,2.11,Offline
429,39.29,18.75,19.35,38.1,3.81,2.74,Online
431,82.19,36.98,38.99,75.97,7.597,4.06,Offline
433,84.35,30.35,31.33,61.68,6.168,2.28,Offline
434,52.53,29.19,36.01,65.2,6.52,4.83,Offline
435,66.11442269,16.51,22.15,38.66,3.866,2.94,Offline
436,66.11442269,19.46,24.16,43.62,4.362,1.8,Offline
437,38.62,23.4,24.85,48.25,4.825,2,Offline
438,82.43,20.04,21.1,41.14,4.114,1.994330357,Offline
439,99.13,22.61,23.01,45.62,4.562,2.35,Offline
440,47.93,20.78,27.99,48.77,4.877,2.89,Online
441,66.70537281,21.99,22.43,44.42,4.442,2.18,Online
442,89.57,41.47,38.29,79.76,7.976,4.35,Online
443,91.81,22.31,31.72,54.03,5.403,1.2,Offline
444,57.44,34.37,39.34,73.71,7.371,4.78,Online
445,48.4,24.21,24.57,48.78,4.878,1.48,Offline
446,52.16,27.61,35.14,62.75,6.275,4.982382671,Online
448,95.13,27.42,29.88,57.29,5.729,2.87,Offline
449,93.45,35.45,41.78,77.23,7.723,3.21,Online
450,66.70537281,38.46,39.79,78.25,7.825,5.69,Online
451,81.21,38.74,44.17,82.91,8.291,4.28,Offline
452,54.74,13.74,19.39,33.13,3.313,1.89,Offline
453,87.28,47.32,47.05,94.38,9.438,3.32,Online
455,92.13,30.02,36.44,66.46,6.646,3.87,Online
456,40.71,39.14,38.54,77.68,7.768,6.49,Online
457,39.8,21.87,20.32,42.19,4.219,2.01,Online
458,88.83,43.35,41.54,84.89,8.489,3.58,Offline
459,52.45,30.1,39.39,69.49,6.949,5.83,Offline
460,80.74,15,21.41,36.41,3.641,1.33,Offline
461,79.03,16.1,21,37.1,3.71,1.04,Offline
462,77.63,21.38,22.67,44.05,4.405,2.04,Online
463,80.86,21.42,22.63,44.06,4.406,2.92,Online
464,88.52,21.8,28.36,50.15,5.015,2.4,Online
465,90.79,24.87,26.39,51.26,5.126,1.23,Online
466,50.76,19.15,18.09,37.24,3.724,1.78,Offline
467,75.45,40.31,45.31,85.61,8.561,3.21,Online
468,37.6,13.85,15.15,29,2.9,2.45,Offline
469,44.55,17.61,20,37.62,3.762,2.58,Online
470,86.66,36.75,35.98,72.73,7.273,4.16,Online
471,65.52595556,22.66,20.84,43.5,4.35,2.08,Offline
472,84.39,49.94,45.45,95.39,9.539,4.3,Offline
473,40.52,32.83,38.73,71.56,7.156,4.21,Online
474,92.72,19.39,20.1,39.49,3.949,1.44,Online
475,53.18,23.38,23.23,46.61,4.661,1.13,Offline
476,65.52595556,40.42,41.73,82.15,8.215,3.42,Offline
477,35.85,46.69,43.9,90.59,9.059,6.25,Offline
478,56.67,18.06,23.68,41.74,4.174,2.26,Offline
479,80.06,18.68,23.77,42.45,4.245,1.48,Offline
480,35.64,13.78,16.15,29.94,2.994,1.994330357,Online
481,66.11442269,27.31,25.39,52.69,5.269,1.53,Offline
482,79.77,41.31,44.03,85.34,8.534,4.80753012,Offline
483,53.34,31.33,42.61,73.94,7.394,4.56,Online
484,30.93,19.87,18.89,38.76,3.876,1.07,Offline
485,50.01,20.94,19.85,40.79,4.079,2.8,Offline
486,66.11442269,25.75,27.67,53.43,5.343,1.5,Offline
487,39.8,27.36,26.22,53.58,5.358,2.61,Offline
488,42.34,30.64,36.3,66.94,6.694,4.07,Offline
489,49.63,37.53,37.32,74.85,7.485,4.04,Offline
490,55.11,23.07,24.29,47.37,4.737,2.13,Online
491,99.77,44.07,44.84,88.91,8.891,4.33,Offline
492,57.85,40.35,44.29,84.64,8.464,5.03,Online
493,49.49,25.37,27.07,52.43,5.243,2.43,Offline
494,91.94,18.77,24.48,43.25,4.325,2.88,Online
495,49.46,36.03,37.75,73.78,7.378,4.47,Online
496,43.66,19.21,25.02,44.23,4.423,2.67,Offline
497,50.99,47.04,43.38,90.42,9.042,6.41,Online
498,78.84,28.71,26.87,55.58,5.558,1.55,Online
499,31.56,11.36,15.48,26.83,2.683,1.85,Online
500,49.77,19.16,18.17,37.33,3.733,2.73,Offline
501,54.08,31.72,29.96,61.68,6.168,1.06,Offline
502,66.11442269,11.58,15.94,27.52,2.752,1.67,Offline
503,58.14,11.86,16.28,28.13,2.813,1.77,Offline
504,38.06,12.53,16.51,29.05,2.905,1.33,Offline
505,43.19,15.93,19.18,35.1,3.51,2.6,Offline
506,37.69,14.74,20.33,35.07,3.507,1.994330357,Offline
507,40.28,32,43.65,75.64,7.564,4.982382671,Offline
508,54.11,15.39,17.06,32.45,3.245,2.16,Offline
509,44.64,13.35,16.23,29.59,2.959,1.92,Offline
510,66.11442269,25.02,25.88,50.89,5.089,2.15,Offline
511,46.14,45.82,43.4,89.22,8.922,6.97,Online
512,93.54,26.83,25.91,52.74,5.274,1.97,Online
513,83.21,19.1,25.45,44.54,4.454,2.52,Offline
514,89.19,40.74,42.53,83.27,8.327,4.47,Offline
515,91.54,28.51,36.84,65.35,6.535,4.71,Online
516,95.64,42.12,38.71,80.83,8.083,5.78,Offline
517,94.94,22.52,24.41,46.93,4.693,1.17,Offline
518,91.82,23.77,22.65,46.42,4.642,1.44,Offline
519,96.77,45.31,45.3,90.61,9.061,4.88,Online
521,97.71,25.73,25.61,51.34,5.134,1.93,Online
522,66.70537281,27.49,31.99,59.48,5.948,2.54,Online
523,65.52595556,37.3,39.43,76.72,7.672,4.53,Offline
524,31.51,30.94,35.35,66.29,6.629,5.65,Online
525,43.47,37,37.37,74.37,7.437,4.15,Online
526,35.2,17.73,20.7,38.43,3.843,2.6,Online
527,80.92,46.95,43.81,90.75,9.075,4.7,Online
528,95.67,33.2,41.82,75.02,7.502,5.33,Online
529,50.04,41.88,44.33,86.21,8.621,4.8,Offline
530,98.68,24.83,30.62,55.45,5.545,2.48,Offline
533,57.86,12.19,15.93,28.11,2.811,1.18,Offline
534,86.17,23.11,26.02,49.13,4.913,1.49,Online
535,47.34,28.65,28.57,57.21,5.721,2.63,Offline
536,49.91,22.31,21.17,43.48,4.348,1.8,Online
537,50.73,29.19,37.72,66.9,6.69,4.57,Offline
539,66.11442269,16.05,17.47,33.52,3.352,1.23,Offline
540,49.76,41.06,44.32,85.38,8.538,6.46,Online
541,83.17,20.54,20.13,40.67,4.067,2.65,Offline
542,66.70537281,32.57,44.81,77.37,7.737,4.64,Online
543,49.76,17.68,22.98,40.66,4.066,1.21,Online
544,95.47,50,47.79,97.79,9.779,3.78,Online
545,66.70537281,33.14,41.92,75.06,7.506,5.37,Online
546,40.78,38.52,43.24,81.76,8.176,6.46,Offline
547,39.85,32.89,37.09,69.98,6.998,4.25,Online
548,84.52,25.36,29.7,55.06,5.506,2.65,Offline
549,33.56,40.46,44.34,84.8,8.48,6.05,Offline
550,66.11442269,22.98,24.85,47.83,4.783,2.94,Offline
551,33.49,23.34,24.19,47.53,4.753,2.88,Offline
553,83.87,38.89,40.37,79.26,7.926,5.03,Online
554,34.7,23.78,27.41,51.19,5.119,1.08,Offline
555,36.94,43.36,40.02,83.38,8.338,6.19,Online
556,57.49,21.13,24.53,45.66,4.566,2.26,Offline
557,85.71,33.76,44.51,78.27,7.827,5.47,Online
558,85.78,19.65,24.55,44.2,4.42,2.83,Online
559,39.25,16.89,23.6,40.48,4.048,1.65,Online
560,66.11442269,33.65,40.14,73.78,7.378,5.19,Offline
561,85.01,32.23,29.4,61.63,6.163,1.53,Online
562,50.64,27.97,36.2,64.17,6.417,6.82,Offline
563,46.39,30.1,39.17,69.27,6.927,4.48,Offline
564,65.52595556,17.47,24.72,42.18,4.218,1.2,Offline
565,80.85,22.11,20.28,42.39,4.239,2.67,Offline
566,57.79,15.24,21.29,36.54,3.654,1.1,Offline
567,89.58,28.91,35.15,64.06,6.406,5.36,Online
568,99.35,41.39,42.07,83.47,8.347,3.83,Offline
569,46.5,36.68,35.51,72.18,7.218,5.28,Online
570,54.52,25.48,28.96,54.44,5.444,1.19,Offline
571,80.28,26.04,29.03,55.07,5.507,1.1,Online
572,45.9,17.81,17.42,35.23,3.523,2.14,Online
573,38.05,19.84,20.42,40.26,4.026,1.82,Online
574,92.43,30.16,37.51,67.67,6.767,4.92,Online
575,36.9,20.51,21.17,41.68,4.168,1.48,Online
576,41.91,14.64,17.34,31.99,3.199,2.48,Offline
577,99.81,23.86,21.87,45.74,4.574,2.98,Online
578,96.65,36.74,38.76,75.5,7.55,4.4,Online
579,46.93,29.81,27.76,57.57,5.757,1.4,Offline
580,53.39,25.18,35.16,60.34,6.034,6.46,Online
581,80.26,47.03,44.95,91.98,9.198,3.76,Online
582,50.22,26.89,27.7,54.59,5.459,1.65,Offline
583,47.26,21.6,21.44,43.03,4.303,1.55,Offline
584,48.76,18.97,26.21,45.18,4.518,1.44,Online
585,31.35,23.19,26.01,49.2,4.92,1.68,Offline
586,30.41,11.54,16.22,27.76,2.776,1.52,Offline
588,46.92,16.56,22.5,39.07,3.907,1.14,Offline
589,42.2,14.02,17.15,31.17,3.117,2.43,Offline
590,53.77,27.12,25.14,52.26,5.226,2.36,Offline
591,36.54,39.01,41.62,80.63,8.063,5.9,Offline
592,49.95,17.6,23.35,40.95,4.095,1.69,Online
593,49.49,35.73,36.03,71.77,7.177,5.21,Offline
594,92.8,27.95,39.64,67.59,6.759,3.76,Online
595,46.97,36.91,40.14,77.06,7.706,4.26,Offline
596,37.21,12.13,16.42,28.56,2.856,1.63,Online
597,45.96,26.22,28.1,54.33,5.433,2.99,Online
598,42.08,34.47,41.73,76.19,7.619,6.05,Online
599,47.35,41.99,41.93,83.93,8.393,6.1,Online
600,90.48,18.1,22.24,40.34,4.034,1.05,Online
601,79.91,15.98,21.51,37.49,3.749,1.994330357,Online
602,32.58,14.81,15.86,30.67,3.067,1.21,Online
603,95.5,20,20.5,40.5,4.05,1.994330357,Offline
604,97.45,29.48,29.72,59.2,5.92,2.17,Offline
605,79.75,37.22,44.12,81.34,8.134,4.67,Offline
606,31.71,22.06,26.5,48.56,4.856,2.4,Offline
607,86.35,32.3,40.36,72.66,7.266,5.8,Online
608,41.34,32.14,35.62,67.76,6.776,5.02,Online
609,86.29,29.55,39.61,69.16,6.916,4.2,Online
610,91.49,18.34,25.3,43.64,4.364,2.3,Online
611,98.86,20.52,21.82,42.34,4.234,1.95,Online
612,33.8,20.75,20.88,41.62,4.162,1.33,Online
613,66.70537281,38.84,46.33,85.17,8.517,4.73,Online
614,46.98,36.08,44.08,80.16,8.016,5.19,Online
615,47.87,35.88,35.81,71.69,7.169,6.82,Online
616,86.92,27.93,27.56,55.49,5.549,2.66,Offline
617,96.88,47.09,47.62,94.71,9.471,3.53,Online
618,66.11442269,42.1,47.17,89.26,8.926,5.02,Offline
619,59.48,29.12,35.86,64.99,6.499,6.44,Online
620,41.43,16.78,15.82,32.6,3.26,2.2,Online
621,76.21,42.71,45.66,88.37,8.837,5.48,Offline
622,95.65,25.91,27.58,53.48,5.348,2.57,Offline
623,90.13,21.03,22.65,43.68,4.368,2.25,Online
624,52.91,38.89,40.23,79.12,7.912,4.68,Online
625,35.53,26.67,37.02,63.7,6.37,5.16,Online
626,41.48,39.15,43.39,82.54,8.254,4.44,Online
628,79.63,19.03,26.5,45.53,4.553,2.29,Offline
629,32.32,13.15,17.55,30.7,3.07,1.25,Online
630,99.74,33.23,43.9,77.13,7.713,5.85,Online
631,75.1,24.24,28.05,52.29,5.229,2.28,Online
632,40.06,19.12,17.66,36.77,3.677,1.2,Offline
633,41.79,14.32,18.55,32.87,3.287,1.19,Online
634,66.11442269,35.92,44.22,80.15,8.015,4.22,Offline
635,37.22,34.55,43.74,78.29,7.829,6.49,Online
637,54.12,42.65,43.66,86.31,8.631,4.18,Offline
638,42.08,17.19,22.79,39.98,3.998,2.99,Offline
639,78.97,33.36,31.39,64.75,6.475,2.76,Offline
640,50.08,33.59,39.84,73.43,7.343,5.26,Online
641,86.79,33.08,42.2,75.28,7.528,4.71,Online
642,94.51,26.18,26.77,52.94,5.294,1.52,Online
643,90.25,20.8,25.86,46.66,4.666,1.27,Offline
644,65.52595556,28.57,35.08,63.65,6.365,4.49,Offline
645,98.54,16.27,22.09,38.37,3.837,1.94,Offline
646,88.03,33.08,46.66,79.74,7.974,3.59,Offline
647,89.92,45.53,45.53,91.06,9.106,4.29,Offline
648,38.06,30.42,36.99,67.41,6.741,4.74,Online
649,90.39,16.13,20.98,37.11,3.711,1.18,Offline
650,42.01,26.08,27.18,53.26,5.326,1.03,Offline
651,30.6,15.29,17.31,32.6,3.26,2.77,Online
652,98.29,26.05,31.96,58.01,5.801,2.44,Online
653,97.43,17.43,23.07,40.5,4.05,1.44,Offline
655,49.37,29.39,29.02,58.41,5.841,1.61,Offline
656,84.84,21.39,21.57,42.96,4.296,2.34,Offline
657,82.8,25.08,25.13,50.21,5.021,2.29,Online
658,35.96,36.33,42.83,79.16,7.916,6.73,Offline
659,35.48,37.24,44.56,81.8,8.18,5.13,Offline
660,37.46,20.75,19.75,40.5,4.05,2.62,Online
661,52.94,39.31,36.47,75.78,7.578,6.07,Offline
662,91.14,34.34,41.64,75.98,7.598,3.36,Offline
663,98.81,23.96,23.95,47.91,4.791,2.32,Online
664,55.76,16.92,16.98,33.9,3.39,2.41,Offline
665,35.07,31.63,35.54,67.17,6.717,6.15,Online
666,95.91,41.64,42.14,83.77,8.377,3.57,Online
667,54.86,32.13,43.3,75.43,7.543,6.13,Offline
668,84.07,34.59,46.43,81.02,8.102,5.18,Online
669,58.84,33.78,41.79,75.57,7.557,5.89,Online
670,94.39,28.25,40.11,68.36,6.836,3.42,Offline
671,83.93,21.14,24.13,45.27,4.527,2.04,Online
672,78.46,34.84,47.78,82.62,8.262,3.75,Online
673,85.55,46.48,45.21,91.68,9.168,4.80753012,Offline
676,97.88,35.27,45.97,81.24,8.124,5.23,Online
677,98.22,22.77,25.17,47.94,4.794,1.24,Online
678,51.56,18.29,16.66,34.95,3.495,1.07,Online
679,75.97,20.66,24.7,45.36,4.536,2.6,Offline
680,66.11442269,30.73,30.39,61.13,6.113,1.02,Offline
681,59.61,24.09,26.32,50.41,5.041,1.5,Offline
682,51.19,33.13,38.46,71.58,7.158,4.02,Online
683,66.11442269,11.95,15.01,26.96,2.696,1.62,Offline
684,46.67,32.25,37.91,70.17,7.017,5.25,Offline
685,83.25,26.35,36.39,62.74,6.274,5.86,Online
686,79.11,28.04,29.4,57.44,5.744,1.24,Online
687,35.7,31.59,43.21,74.81,7.481,5.63,Offline
688,79.22,41.71,46.1,87.81,8.781,3.04,Offline
689,66.70537281,35.71,43.88,79.59,7.959,4.6,Online
690,46.34,13.34,17.4,30.74,3.074,2.38,Offline
691,93.49,25.49,27.75,53.24,5.324,1.31,Offline
692,76,41.7,38.56,80.26,8.026,5.87,Online
693,84.81,47.58,47.32,94.9,9.49,3.42,Online
694,53.26,29.85,38.43,68.28,6.828,5.88,Offline
695,56.62,30.02,41.25,71.27,7.127,6.42,Online
696,66.11442269,17.67,17.23,34.9,3.49,2.19,Offline
697,80.94,22.19,23.6,45.79,4.579,2.29,Online
698,65.52595556,30.64,39.69,70.33,7.033,6.4,Offline
699,66.70537281,29.13,35.25,64.39,6.439,6.07,Online
700,41.6,29.33,35.81,65.14,6.514,4.44,Online
701,87.1,22.99,21.48,44.47,4.447,1.62,Offline
702,52.25,21.38,23.2,44.58,4.458,2.77,Offline
703,57.49,20,19.92,39.92,3.992,1.74,Offline
704,47.92,22.65,28.21,50.86,5.086,1.1,Offline
705,57.58,42.56,39.24,81.8,8.18,5.03,Offline
706,66.70537281,27.49,26.83,54.32,5.432,2,Online
707,40.9,40.76,42.94,83.7,8.37,6.82,Offline
708,84.88,34.58,35.67,70.25,7.025,4.21,Offline
710,87.07,22.28,22.59,44.87,4.487,2.93,Online
711,97.45,21.06,26.3,47.36,4.736,2.41,Online
712,30.03,12.42,15.59,28.01,2.801,2.95,Offline
713,34.59,25.73,25.92,51.65,5.165,2.2,Offline
714,40.25,26.18,24.73,50.91,5.091,1.14,Online
715,47.92,40.56,38.94,79.5,7.95,5.42,Offline
716,53.3,37.92,43.48,81.39,8.139,4.55,Online
717,90.88,26.91,37.55,64.47,6.447,3.64,Online
718,50.01,21.27,21.53,42.8,4.28,2.91,Offline
719,76.32,23.58,28.71,52.29,5.229,1.24,Offline
720,65.52595556,22.52,20.7,43.21,4.321,2.23,Offline
721,89.79,35.6,37.5,73.09,7.309,5,Offline
722,40.03,23.29,22.79,46.08,4.608,1.4,Offline
723,49.75,19.91,21.57,41.48,4.148,1.55,Online
724,45.07,14.24,19.92,34.15,3.415,2.47,Online
725,30.36,36.23,40.53,76.76,7.676,6.22,Offline
728,31.09,26.55,35.53,62.07,6.207,6.5,Online
729,81.56,35.61,40.48,76.09,7.609,3.12,Offline
730,82.89,15.74,21.28,37.02,3.702,1.73,Offline
731,96.63,22.15,27.21,49.36,4.936,2.4,Offline
732,52.73,40.46,37.82,78.28,7.828,4.95,Offline
733,65.52595556,35.25,42.1,77.36,7.736,3.75,Offline
734,77.49,17.18,20.19,37.37,3.737,2.93,Online
735,98.31,39.62,42.48,82.11,8.211,3.38,Online
736,91.22,35.14,46.69,81.83,8.183,4.87,Online
737,52.81,32.31,41.76,74.07,7.407,4.9,Online
738,48.5,31.42,35.4,66.82,6.682,4.98,Offline
739,33.91,15.71,18.05,33.76,3.376,2.54,Online
740,86.15,33.51,45.62,79.13,7.913,5.66,Offline
741,95.74,21.62,21.6,43.22,4.322,2.87,Offline
742,98.45,22.85,23.31,46.16,4.616,1.66,Online
743,94.95,24.68,28.86,53.54,5.354,1.13,Online
744,49.28,21.92,25.77,47.69,4.769,2.95,Online
745,79.52,39.3,47.32,86.62,8.662,3.66,Online
746,86.11,32.3,44.65,76.95,7.695,3.68,Online
747,40.64,36.4,39,75.4,7.54,4.17,Offline
748,91.62,34.96,40.45,75.41,7.541,5.1,Offline
749,49.84,17,15.58,32.58,3.258,1.74,Offline
750,51.52,24.82,23.73,48.55,4.855,2.6,Online
751,59,26.61,25.46,52.07,5.207,1.17,Offline
752,42.51,45.12,43.78,88.9,8.89,4.61,Online
753,45.38,20.2,19.36,39.56,3.956,1.94,Offline
754,82.45,23.22,29.36,52.58,5.258,1.94,Offline
755,83.58,24.58,31.86,56.44,5.644,1.97,Offline
756,99.59,20.36,20.6,40.96,4.096,1.19,Online
757,66.11442269,39.98,45.07,85.05,8.505,3.4,Offline
758,53.51,37.12,35.11,72.22,7.222,6.29,Online
759,84.73,25.57,30.65,56.22,5.622,2.79,Offline
760,45.27,23.61,21.79,45.41,4.541,1.56,Offline
761,81.98,17.95,24.86,42.81,4.281,3,Online
762,43.19,33.15,40.1,73.25,7.325,4.78,Online
763,58.34,40.8,38.35,79.15,7.915,5.71,Offline
764,32.74,33.5,36.61,70.12,7.012,6.88,Offline
765,50.79,34.5,42.33,76.83,7.683,6.99,Offline
766,35.07,26.68,29.66,56.34,5.634,2.71,Offline
767,50.85,37.92,40.15,78.08,7.808,6.97,Offline
768,41.54,38.96,38.47,77.43,7.743,5.3,Online
770,49.45,43.59,40.11,83.7,8.37,5.34,Offline
771,47.08,43.12,43.68,86.8,8.68,5.75,Online
772,84.86,33.04,30.4,63.45,6.345,1.49,Online
773,65.52595556,24.44,29.5,53.94,5.394,1.89,Offline
774,52.09,30.35,35.52,65.87,6.587,4.15,Offline
775,39.62,19.5,17.88,37.38,3.738,1.62,Offline
776,66.11442269,22.59,22.9,45.49,4.549,2.36,Offline
777,31.92,32.13,40.96,73.09,7.309,6.22,Offline
778,66.11442269,24.45,22.61,47.06,4.706,1.27,Offline
779,66.11442269,18.91,23.17,42.08,4.208,1.994330357,Offline
780,92.6,32.39,37.83,70.22,7.022,4.1,Offline
781,37.25,28.78,35.68,64.46,6.446,4.95,Offline
782,55.35,16.83,20.4,37.22,3.722,2.37,Offline
783,85.23,39.54,39.28,78.82,7.882,5.08,Online
785,57.45,16.08,17.35,33.43,3.343,2.5,Online
786,89.48,44.35,46.56,90.91,9.091,4.71,Offline
787,44.76,34.36,38.1,72.46,7.246,4.55,Online
788,78.33,46.26,47.06,93.32,9.332,5.6,Offline
789,94.19,22.09,21.37,43.46,4.346,2.29,Offline
790,88.22,14.96,20.41,35.37,3.537,2.28,Offline
791,78.34,21.66,28.3,49.96,4.996,2.59,Online
792,45.85,21.12,22.01,43.13,4.313,1.994330357,Offline
794,98.57,26.89,27.32,54.22,5.422,2.67,Online
795,90.98,31.76,39.43,71.19,7.119,4.982382671,Offline
796,92.42,48.42,44.43,92.85,9.285,5.51,Offline
797,49.39,39.82,41.47,81.29,8.129,4.39,Online
798,76,23.88,24.35,48.22,4.822,2.65,Offline
799,86.73,25.68,31.14,56.82,5.682,2.28,Offline
800,84,25.04,25.73,50.77,5.077,1.71,Offline
801,39.47,12.08,16.88,28.96,2.896,2.31,Offline
802,43.47,38.34,39.59,77.93,7.793,4.23,Online
803,55.17,40.28,43.77,84.05,8.405,4.73,Offline
804,54.62,44.2,42.6,86.8,8.68,4.15,Offline
805,32.74,20.41,26.35,46.76,4.676,2.16,Online
806,89.69,21.65,30.08,51.73,5.173,1.03,Online
807,83.74,30.38,42.75,73.13,7.313,3.82,Online
808,52.25,21.13,25.13,46.26,4.626,1.41,Offline
809,96.47,36.76,47.52,84.28,8.428,4.89,Online
810,90.46,46.68,45.16,91.84,9.184,5.11,Offline
811,38.58,44.85,41.4,86.25,8.625,4.94,Offline
812,51.37,33,36.76,69.76,6.976,4.71,Online
813,52.77,30.35,40.01,70.36,7.036,6.74,Offline
814,50.5,19.69,23.91,43.6,4.36,2.51,Online
815,82.31,21.79,23.54,45.33,4.533,1.71,Online
816,56.87,38.3,36.03,74.33,7.433,5.97,Online
817,98.64,21.8,28.12,49.93,4.993,1.6,Online
818,77.62,30.64,40.5,71.14,7.114,5.39,Online
820,91.93,22.74,28.19,50.93,5.093,2.26,Offline
821,47.08,21.04,27.49,48.52,4.852,2.98,Offline
822,59.57,42.68,41.87,84.55,8.455,4.73,Online
823,84.57,37.8,43.2,81,8.1,4.29,Offline
824,98.52,21.99,22.1,44.08,4.408,2.75,Offline
825,97.81,34.71,43.23,77.94,7.794,5.16,Offline
826,90.67,29.3,36.9,66.2,6.62,5.47,Offline
827,77.69,16.32,20.2,36.52,3.652,2.82,Offline
828,81.63,29.81,27.95,57.76,5.776,2.93,Online
829,99.44,25.88,31.57,57.45,5.745,1.33,Online
830,41.35,39.21,35.88,75.09,7.509,5.03,Offline
831,99.65,33.25,45.67,78.92,7.892,3.84,Online
832,57.86,19.72,22.45,42.17,4.217,2.69,Online
833,40.84,34.94,41.37,76.32,7.632,4.21,Online
834,95.4,23.63,25.18,48.81,4.881,2.59,Online
835,90.75,18.44,25.01,43.45,4.345,1.29,Online
836,36.35,38.23,42.36,80.59,8.059,4.96,Offline
837,55.91,15.99,21.1,37.09,3.709,2.52,Offline
838,86.38,22.78,26.22,49,4.9,1.01,Online
839,36.99,33.83,43.13,76.96,7.696,5.77,Online
840,85.39,37.12,38.36,75.48,7.548,5.6,Online
841,90.67,21.68,24.3,45.99,4.599,2.99,Online
842,95.02,38.19,40.86,79.05,7.905,5.16,Offline
843,37.37,47.72,44.15,91.87,9.187,5.01,Offline
844,78.23,23.26,24.51,47.77,4.777,1.2,Online
845,66.11442269,38.44,39.06,77.51,7.751,6.78,Offline
846,59.54,38.93,41.66,80.59,8.059,4.86,Offline
847,49.44,18.88,18.68,37.56,3.756,2.44,Offline
848,76.97,26.25,23.97,50.22,5.022,1.5,Offline
849,36.36,32.32,37.39,69.71,6.971,4.982382671,Offline
850,99.14,16.94,24.1,41.04,4.104,1.68,Online
851,78.99,21.17,29.48,50.65,5.065,2.23,Online
853,56.93,30.75,28.62,59.37,5.937,1.17,Offline
854,66.11442269,30,27.75,57.75,5.775,1.58,Offline
855,66.70537281,26.75,24.68,51.43,5.143,1.03,Online
856,89.17,32.09,31.19,63.28,6.328,2.33,Offline
857,87.47,32.39,35.94,68.33,6.833,5.05,Offline
858,91.21,35.2,37.24,72.44,7.244,5.62,Online
859,32.19,24.93,24.4,49.33,4.933,1.51,Offline
860,43.65,39.08,42.53,81.61,8.161,4.4,Online
861,66.70537281,20.5,27.84,48.34,4.834,1.2,Online
862,93,30.59,36.32,66.91,6.691,4.87,Offline
863,37.07,31.63,42.14,73.77,7.377,6.62,Online
864,42.83,17.47,17.41,34.89,3.489,2.4,Online
865,66.11442269,38.1,41.68,79.78,7.978,5.85,Offline
866,44.16,41.21,39.9,81.11,8.111,6.54,Offline
867,89.32,34.08,38.1,72.18,7.218,4.982382671,Offline
868,98.73,20.92,23.66,44.58,4.458,1.34,Offline
869,46.32,20.46,23.27,43.73,4.373,1.71,Online
870,81.09,32.04,40.95,72.99,7.299,5.28,Offline
871,53.28,30.02,38.39,68.41,6.841,5.69,Offline
872,79.95,30.16,30.49,60.65,6.065,1.71,Online
873,79.46,20.17,25.92,46.09,4.609,1.16,Offline
874,98.08,41.28,42.08,83.36,8.336,3.81,Online
875,50.16,11.07,15.78,26.85,2.685,1.23,Offline
876,45.29,15.87,19.5,35.37,3.537,1.3,Online
877,76.94,17.47,20.22,37.69,3.769,1.2,Online
878,86.66,25.57,24.34,49.91,4.991,1.22,Online
879,87.18,25.63,27.5,53.13,5.313,2,Offline
880,79.68,20.17,20.39,40.56,4.056,2.49,Offline
881,39.04,15.02,18.73,33.76,3.376,1.74,Offline
882,31.68,34.61,36.42,71.03,7.103,4.982382671,Online
883,88.18,20.83,26.74,47.57,4.757,1.34,Offline
884,66.11442269,48.62,47.61,96.23,9.623,3.07,Offline
885,78.64,28.74,28.37,57.11,5.711,2.29,Online
886,81.09,21.95,30.11,52.05,5.205,1.42,Offline
887,91.26,16.94,21.09,38.03,3.803,2.9,Online
888,44.9,14.16,16.85,31.01,3.101,1.8,Offline
889,84.16,24.95,24.48,49.43,4.943,1.3,Offline
890,77.65,30.14,27.54,57.68,5.768,1.24,Online
891,57.34,34.52,40.54,75.06,7.506,4.52,Offline
892,56,32.42,43.94,76.36,7.636,6.76,Offline
893,48.2,17.29,17.5,34.79,3.479,2.59,Online
894,40.12,32.36,35.18,67.55,6.755,5.2,Online
895,36.46,27.61,36.2,63.82,6.382,6.55,Offline
896,99.54,20.22,21.17,41.39,4.139,1.61,Offline
897,88.74,21.73,27.09,48.82,4.882,2.31,Online
898,54.81,23.1,23.44,46.54,4.654,2.52,Online
899,85.8,36.01,47.57,83.58,8.358,4.36,Online
900,96.7,34.07,46.46,80.52,8.052,4.05,Offline
901,43.28,33.99,39.85,73.84,7.384,6.33,Offline
902,45.78,24.68,27.13,51.81,5.181,1.72,Offline
903,98.34,42.59,44.41,87,8.7,4.73,Online
904,88.64,30.84,39.67,70.51,7.051,4.982382671,Online
905,31.58,14.24,15.56,29.81,2.981,2.43,Offline
906,35.05,30.05,36.9,66.95,6.695,5.38,Offline
907,54.74,31.71,39.18,70.89,7.089,4.22,Offline
908,75.18,38.72,41.74,80.46,8.046,3.11,Offline
909,66.11442269,21.18,29.18,50.36,5.036,2,Offline
910,86.39,32.59,42.57,75.16,7.516,4.07,Online
911,40.15,22.75,29.03,51.79,5.179,2.82,Online
912,66.11442269,40.04,43.9,83.93,8.393,5.8,Offline
913,48.86,32.94,40.57,73.51,7.351,6.23,Online
914,93.75,35.7,44.01,79.72,7.972,5.97,Offline
915,55.71,32.7,41.84,74.54,7.454,6.65,Offline
916,39.87,41.06,38.14,79.2,7.92,5.54,Offline
917,41.88,15.36,17.99,33.35,3.335,1.85,Online
918,59.65,17.69,21.98,39.67,3.967,1.12,Offline
919,94.17,22.95,23.22,46.17,4.617,2.18,Offline
920,53.24,17.48,23.43,40.91,4.091,2.11,Online
921,75.53,26.9,28.67,55.57,5.557,1.06,Offline
922,31.91,25.57,23.28,48.85,4.885,2.68,Online
923,79.78,19.62,27.39,47,4.7,1.81,Offline
924,58.46,13.74,19.02,32.76,3.276,2.62,Offline
925,66.11442269,39.88,41.58,81.45,8.145,6.47,Offline
926,87.93,16.07,21.4,37.47,3.747,2.06,Offline
927,30.3,39.91,36.95,76.86,7.686,5.47,Offline
928,90.09,30.61,38.89,69.49,6.949,4.23,Online
929,30.78,14.3,18.33,32.63,3.263,2.56,Online
930,32.54,45.92,43.08,89,8.9,6.31,Online
931,53.49,39.26,43.46,82.71,8.271,6.4,Offline
932,99.52,17.16,21.87,39.03,3.903,1.45,Online
933,99.96,29.89,35.32,65.21,6.521,5.51,Online
934,98.15,16.09,20.11,36.2,3.62,1.15,Online
935,48.21,40.09,36.88,76.98,7.698,6.41,Offline
936,88.98,36.42,41.54,77.96,7.796,3.43,Online
937,30.25,22.36,26.42,48.78,4.878,2.43,Online
938,81,36.49,39.21,75.7,7.57,3.55,Offline
939,46.8,19.23,20.8,40.03,4.003,1.84,Online
940,32.34,20.69,25.61,46.3,4.63,2.84,Online
941,98.55,43.17,44.61,87.79,8.779,3.26,Online
942,79.78,37.16,45.28,82.43,8.243,4.36,Online
943,81.81,22.87,21.41,44.28,4.428,1.5,Online
945,39.25,22.41,28.04,50.45,5.045,2.53,Offline
946,79.99,24.22,24.46,48.67,4.867,2,Online
947,88.52,30.51,29.82,60.33,6.033,1.34,Online
948,42.36,33.1,36.38,69.49,6.949,6,Online
949,47.62,16.32,16.28,32.6,3.26,1.9,Online
950,38.03,41.39,39.11,80.5,8.05,6.7,Offline
951,55.95,30.4,38.21,68.61,6.861,4.53,Online
952,78.37,20.65,23.55,44.2,4.42,2.14,Offline
953,52.7,29.15,38.32,67.47,6.747,6.23,Online
954,81.16,21.66,20.76,42.42,4.242,1.26,Offline
955,88.19,29.14,27.87,57.01,5.701,1.47,Offline
956,84.32,17.66,24.22,41.88,4.188,2.09,Offline
957,54.1,39.19,40.62,79.81,7.981,6.22,Offline
958,89.28,23.77,28.94,52.71,5.271,1.76,Online
959,88.63,32.24,43.6,75.84,7.584,5.71,Offline
960,55.71,18.58,21.23,39.8,3.98,1.18,Offline
961,76.89,42.94,45.76,88.7,8.87,4.28,Online
962,99.04,35.92,45.49,81.41,8.141,4.38,Online
963,66.70537281,23.19,29.16,52.34,5.234,1.01,Online
964,47.11,47.89,43.62,91.5,9.15,5.43,Online
965,42.24,31.12,37.87,69,6.9,5.67,Online
966,95.92,34.58,42.44,77.02,7.702,6,Online
967,82.13,32.17,29.51,61.69,6.169,2.81,Online
968,77.82,23.31,30.44,53.75,5.375,2.27,Offline
969,86.34,26.84,31.87,58.71,5.871,1.11,Online
970,51.88,28.74,28.12,56.86,5.686,2.88,Offline
971,82.59,35.64,40.18,75.82,7.582,3.95,Offline
972,32.94,17.04,22.9,39.95,3.995,1.11,Online
974,75.32,22.23,29.55,51.78,5.178,1.95,Online
975,92.74,44.99,41.27,86.26,8.626,4.56,Online
976,66.11442269,19.45,22.56,42.01,4.201,2.35,Offline
977,97.96,39.58,46.75,86.34,8.634,3.47,Offline
978,57.44,12.86,17.5,30.36,3.036,1.24,Offline
979,86.22,21.5,27.19,48.69,4.869,1.14,Online
980,75.49,31.8,39.25,71.05,7.105,4.88,Online
981,97.73,28.75,31.49,60.24,6.024,1.16,Offline
982,89.45,23.09,31.5,54.59,5.459,2.01,Offline
983,43.04,18.03,17.89,35.92,3.592,1.38,Online
984,66.11442269,44.04,41.05,85.09,8.509,4.80753012,Offline
985,45.3,23.49,21.91,45.39,4.539,2,Online
986,95.17,17.42,20.04,37.46,3.746,1.64,Online
987,49.3,15.01,18.94,33.94,3.394,1.1,Offline
988,85.4,24.95,31.73,56.68,5.668,1.4,Offline
989,57.33,26.02,24.23,50.25,5.025,1.82,Offline
990,48.47,14.96,15.59,30.56,3.056,1.81,Offline
991,77.34,27.11,25.13,52.24,5.224,1.26,Offline
992,87.45,40.86,39.03,79.89,7.989,5.44,Offline
993,52.9,17.95,17.05,35,3.5,1.46,Online
994,43.4,12.75,15.11,27.86,2.786,2.64,Online
996,96.06,21.63,24.35,45.97,4.597,2.32,Online
997,65.52595556,26.55,26.56,53.1,5.31,1.87,Offline
998,79.85,43.4,41.98,85.38,8.538,5.8,Online
999,44.12,39.45,36.57,76.03,7.603,4.09,Online
1000,65.52595556,28.7,26.96,55.66,5.566,2.33,Offline
1001,35.6,36.39,43.31,79.71,7.971,6.3,Online
1002,81.03,38.55,37.71,76.26,7.626,3.75,Online
1003,55.97,31.52,37.41,68.94,6.894,4.24,Online
1004,98.99,40.66,45.3,85.96,8.596,4.81,Offline
1005,78.81,40.8,43.67,84.47,8.447,3.85,Offline
1006,37.95,20.98,21.73,42.71,4.271,2.08,Offline
1007,34.52,28.75,28.99,57.74,5.774,2,Online
1008,96.96,37.4,41.85,79.25,7.925,5.79,Online
1009,81.17,50,46.69,96.69,9.669,5.73,Offline
1010,78.28,24.46,27.21,51.68,5.168,1.07,Online
1011,85.81,38.85,43.1,81.95,8.195,4.80753012,Offline
1012,46.7,26.23,26.07,52.31,5.231,1.67,Online
1013,30.55,20.44,24.81,45.25,4.525,2,Online
1014,50.68,15.84,16.91,32.75,3.275,1.71,Offline
1015,97.24,21.79,20.11,41.9,4.19,1.4,Online
1016,30.85,32.44,37.45,69.89,6.989,6.64,Online
1017,79.78,26.77,26.21,52.98,5.298,2.82,Online
1018,57.22,17.71,16.84,34.55,3.455,2.07,Online
1019,38.34,16.15,19.87,36.02,3.602,2.89,Offline
1020,44.59,40.29,42.39,82.67,8.267,6.6,Online
1021,33.98,45.89,42.75,88.63,8.863,4.79,Online
1022,86.08,20.33,27.41,47.74,4.774,2.54,Offline
1023,54.68,18.81,22.77,41.58,4.158,1.92,Online
1024,90.73,20.46,28.39,48.86,4.886,2.42,Offline
1025,37.25,18.94,22.25,41.18,4.118,2.77,Offline
1026,99.79,26.34,29.25,55.58,5.558,2,Online
1027,94.28,35.57,37.97,73.54,7.354,5.77,Online
1028,66.11442269,19.91,25.84,45.75,4.575,2.01,Offline
1029,94.15,39.94,47.12,87.06,8.706,5.84,Online
1030,98.35,19.16,22.2,41.36,4.136,1.994330357,Online
1031,35.12,14.43,19.01,33.43,3.343,2.02,Offline
1032,98.44,37.39,46.86,84.25,8.425,5.84,Online
1033,65.52595556,32.71,30.31,63.02,6.302,1.22,Offline
1034,76.15,37.42,42.07,79.49,7.949,4.02,Online
1035,85.85,22.31,29.83,52.15,5.215,2.81,Online
1036,91.71,31.11,30.35,61.46,6.146,1.33,Offline
1037,97.6,17.18,23.85,41.02,4.102,2.1,Offline
1038,66.70537281,26.24,37.47,63.71,6.371,5.01,Online
1039,41.59,33.01,39.85,72.85,7.285,5.06,Online
1040,42.91,32.28,43.75,76.03,7.603,4.9,Offline
1041,76.34,16.98,21.69,38.67,3.867,2.25,Online
1042,58.45,20.21,27.64,47.85,4.785,2.44,Online
1043,59.35,14.7,17.38,32.07,3.207,1.97,Offline
1044,65.52595556,30.17,28.32,58.49,5.849,1.08,Offline
1045,66.11442269,24.23,29.5,53.73,5.373,2.05,Offline
1046,75.98,46.98,43.51,90.49,9.049,4.33,Offline
1047,92.57,28.2,35.88,64.08,6.408,3.58,Offline
1048,80.38,27.53,30.34,57.87,5.787,2.88,Online
1049,38.06,44.77,41.54,86.31,8.631,5.6,Offline
1050,45.38,33.47,37.68,71.15,7.115,5.36,Online
